year,p10,p50,p90
1,404142.31537115667,611363.3542162268,923489.2485939884
2,1554549.6294366692,2351633.668637668,3552238.4432129953
3,4260778.856490539,6445462.289405055,9736133.324697688
4,6967008.083544409,10539290.910172444,15920028.206182381
5,8117415.397609923,12279561.224593885,18548777.40080139
