driver,base_eur,low_eur,high_eur,swing_eur
category_wallet_share (±40%),11563415.676545788,6938049.405927473,16188781.947164103,9250732.541236632
annual_saas_spend_eur (±30%),11563415.676545788,8094390.973582052,15032440.379509524,6938049.405927472
peak_share (±25%),11563415.676545788,8672561.75740934,14454269.595682235,5781707.838272896
adoption_rate (±10%),11563415.676545788,10407074.10889121,12719757.244200367,2312683.135309158
target_region_share (±10%),11563415.676545788,10407074.108891211,12719757.244200367,2312683.135309156
