size_class,firms,adoption_rate,adopting_firms,annual_saas_spend_eur,tam_eur
micro,31190636.0,0.3,9357190.799999999,1500,14035786199.999998
small,1571814.0,0.493,774904.302,15000,11623564530.0
medium,248817.0,0.6678,166159.9926,75000,12461999445.0
